{"cameraMode":{"drawMode":0,"name":"Shaded","section":"Shading Mode"},"sceneLighting":false,"audioPlay":false,"sceneViewState":{"m_AlwaysRefresh":false,"showFog":true,"showSkybox":false,"showFlares":true,"showImageEffects":true,"showParticleSystems":true,"showVisualEffectGraphs":true,"m_FxEnabled":true},"in2DMode":false,"pivot":{"x":0.9999998807907105,"y":0.9031347036361694,"z":0.17552083730697633},"rotation":{"x":-0.0901336669921875,"y":-0.5487414598464966,"z":0.059679314494132999,"w":-0.8290058374404907},"size":0.30763617157936098,"orthographic":false}