{"cameraMode":{"drawMode":0,"name":"Shaded","section":"Shading Mode"},"sceneLighting":true,"audioPlay":false,"sceneViewState":{"m_AlwaysRefresh":false,"showFog":true,"showSkybox":true,"showFlares":true,"showImageEffects":true,"showParticleSystems":true,"showVisualEffectGraphs":true,"m_FxEnabled":true},"in2DMode":false,"pivot":{"x":11.270627975463868,"y":-7.263006687164307,"z":26.551250457763673},"rotation":{"x":-0.14362220466136933,"y":-0.20481687784194947,"z":0.030370261520147325,"w":-0.9678779244422913},"size":17.862668991088868,"orthographic":false}