{"cameraMode":{"drawMode":0,"name":"Shaded","section":"Shading Mode"},"sceneLighting":false,"audioPlay":false,"sceneViewState":{"m_AlwaysRefresh":false,"showFog":true,"showSkybox":false,"showFlares":true,"showImageEffects":true,"showParticleSystems":true,"showVisualEffectGraphs":true,"m_FxEnabled":true},"in2DMode":false,"pivot":{"x":19.612688064575197,"y":6.905904293060303,"z":-8.963605880737305},"rotation":{"x":0.05144617334008217,"y":0.7396683692932129,"z":-0.056935109198093417,"w":0.6686171889305115},"size":0.9744870066642761,"orthographic":false}